{
  "GET SELLER PRODUCT" : {
    "transaction" : "GET SELLER PRODUCT",
    "sampleCount" : 100,
    "errorCount" : 46,
    "errorPct" : 46.0,
    "meanResTime" : 3351.120000000001,
    "medianResTime" : 790.0,
    "minResTime" : 272.0,
    "maxResTime" : 13468.0,
    "pct1ResTime" : 12720.300000000001,
    "pct2ResTime" : 13363.4,
    "pct3ResTime" : 13467.92,
    "throughput" : 4.499842505512307,
    "receivedKBytesPerSec" : 3.1244023646672368,
    "sentKBytesPerSec" : 1.79290599829006
  },
  "POST LOGIN" : {
    "transaction" : "POST LOGIN",
    "sampleCount" : 100,
    "errorCount" : 79,
    "errorPct" : 79.0,
    "meanResTime" : 4310.7300000000005,
    "medianResTime" : 5304.5,
    "minResTime" : 335.0,
    "maxResTime" : 8176.0,
    "pct1ResTime" : 7686.3,
    "pct2ResTime" : 7916.549999999999,
    "pct3ResTime" : 8174.719999999999,
    "throughput" : 4.7281323877068555,
    "receivedKBytesPerSec" : 2.599549349881797,
    "sentKBytesPerSec" : 1.6114435579196218
  },
  "GET BUYER ORDER BY BUYER ORDER ID" : {
    "transaction" : "GET BUYER ORDER BY BUYER ORDER ID",
    "sampleCount" : 100,
    "errorCount" : 28,
    "errorPct" : 28.0,
    "meanResTime" : 846.6099999999998,
    "medianResTime" : 713.5,
    "minResTime" : 262.0,
    "maxResTime" : 2169.0,
    "pct1ResTime" : 1742.9,
    "pct2ResTime" : 1884.8999999999996,
    "pct3ResTime" : 2167.109999999999,
    "throughput" : 8.159934720522235,
    "receivedKBytesPerSec" : 2.42766026621787,
    "sentKBytesPerSec" : 3.2364819206446347
  },
  "PUT BUYER ORDER BY BUYER ORDER ID" : {
    "transaction" : "PUT BUYER ORDER BY BUYER ORDER ID",
    "sampleCount" : 100,
    "errorCount" : 98,
    "errorPct" : 98.0,
    "meanResTime" : 547.1199999999998,
    "medianResTime" : 442.0,
    "minResTime" : 260.0,
    "maxResTime" : 4831.0,
    "pct1ResTime" : 981.6000000000001,
    "pct2ResTime" : 1036.6999999999998,
    "pct3ResTime" : 4793.859999999981,
    "throughput" : 8.473858147614608,
    "receivedKBytesPerSec" : 3.8973127277349375,
    "sentKBytesPerSec" : 3.7582057399796627
  },
  "DELETE SELLER PRODUCT BY ID" : {
    "transaction" : "DELETE SELLER PRODUCT BY ID",
    "sampleCount" : 100,
    "errorCount" : 52,
    "errorPct" : 52.0,
    "meanResTime" : 2778.640000000001,
    "medianResTime" : 3585.5,
    "minResTime" : 276.0,
    "maxResTime" : 12989.0,
    "pct1ResTime" : 4933.0,
    "pct2ResTime" : 6097.249999999999,
    "pct3ResTime" : 12961.809999999987,
    "throughput" : 3.749531308586427,
    "receivedKBytesPerSec" : 1.1790518372703411,
    "sentKBytesPerSec" : 1.5964801274840643
  },
  "POST REGISTER" : {
    "transaction" : "POST REGISTER",
    "sampleCount" : 100,
    "errorCount" : 100,
    "errorPct" : 100.0,
    "meanResTime" : 8004.220000000003,
    "medianResTime" : 7569.0,
    "minResTime" : 2929.0,
    "maxResTime" : 14047.0,
    "pct1ResTime" : 13245.300000000001,
    "pct2ResTime" : 13685.849999999999,
    "pct3ResTime" : 14045.14,
    "throughput" : 4.35464204842362,
    "receivedKBytesPerSec" : 2.4877593733670094,
    "sentKBytesPerSec" : 3.1577958979271905
  },
  "GET SELLER PRODUCT BY ID" : {
    "transaction" : "GET SELLER PRODUCT BY ID",
    "sampleCount" : 100,
    "errorCount" : 52,
    "errorPct" : 52.0,
    "meanResTime" : 2352.27,
    "medianResTime" : 2273.0,
    "minResTime" : 271.0,
    "maxResTime" : 16350.0,
    "pct1ResTime" : 5322.0,
    "pct2ResTime" : 11064.399999999961,
    "pct3ResTime" : 16326.179999999988,
    "throughput" : 4.324324324324325,
    "receivedKBytesPerSec" : 2.9940878378378377,
    "sentKBytesPerSec" : 1.7483108108108107
  },
  "POST BUYER ORDER" : {
    "transaction" : "POST BUYER ORDER",
    "sampleCount" : 100,
    "errorCount" : 97,
    "errorPct" : 97.0,
    "meanResTime" : 1328.3800000000008,
    "medianResTime" : 776.0,
    "minResTime" : 268.0,
    "maxResTime" : 9245.0,
    "pct1ResTime" : 2558.5,
    "pct2ResTime" : 2834.4499999999975,
    "pct3ResTime" : 9207.129999999981,
    "throughput" : 4.936321453253036,
    "receivedKBytesPerSec" : 1.733304435284826,
    "sentKBytesPerSec" : 2.3235419340507453
  },
  "GET BUYER ORDER" : {
    "transaction" : "GET BUYER ORDER",
    "sampleCount" : 100,
    "errorCount" : 35,
    "errorPct" : 35.0,
    "meanResTime" : 887.8900000000003,
    "medianResTime" : 627.0,
    "minResTime" : 267.0,
    "maxResTime" : 4613.0,
    "pct1ResTime" : 1721.1000000000001,
    "pct2ResTime" : 1879.8,
    "pct3ResTime" : 4599.269999999993,
    "throughput" : 6.300800201625607,
    "receivedKBytesPerSec" : 1.8749187787474009,
    "sentKBytesPerSec" : 2.4920157047445026
  },
  "Total" : {
    "transaction" : "Total",
    "sampleCount" : 1200,
    "errorCount" : 720,
    "errorPct" : 60.0,
    "meanResTime" : 2874.271666666659,
    "medianResTime" : 945.0,
    "minResTime" : 255.0,
    "maxResTime" : 20340.0,
    "pct1ResTime" : 7978.900000000005,
    "pct2ResTime" : 12820.950000000004,
    "pct3ResTime" : 18427.4,
    "throughput" : 28.74251497005988,
    "receivedKBytesPerSec" : 25.34122380239521,
    "sentKBytesPerSec" : 129.61805295658684
  },
  "GET BUYER PRODUCT BY BUYER PRODUCT ID" : {
    "transaction" : "GET BUYER PRODUCT BY BUYER PRODUCT ID",
    "sampleCount" : 100,
    "errorCount" : 16,
    "errorPct" : 16.0,
    "meanResTime" : 890.5099999999999,
    "medianResTime" : 663.5,
    "minResTime" : 255.0,
    "maxResTime" : 6646.0,
    "pct1ResTime" : 1069.0000000000002,
    "pct2ResTime" : 4858.649999999975,
    "pct3ResTime" : 6642.159999999998,
    "throughput" : 4.486719310839914,
    "receivedKBytesPerSec" : 4.0792340609296485,
    "sentKBytesPerSec" : 1.8095850345477387
  },
  "GET BUYER PRODUCT" : {
    "transaction" : "GET BUYER PRODUCT",
    "sampleCount" : 100,
    "errorCount" : 50,
    "errorPct" : 50.0,
    "meanResTime" : 1028.37,
    "medianResTime" : 987.0,
    "minResTime" : 293.0,
    "maxResTime" : 8095.0,
    "pct1ResTime" : 1363.3000000000002,
    "pct2ResTime" : 1392.9,
    "pct3ResTime" : 8090.119999999997,
    "throughput" : 3.6889479120554816,
    "receivedKBytesPerSec" : 17.66299962188284,
    "sentKBytesPerSec" : 1.58509480596134
  },
  "POST SELLER PRODUCT" : {
    "transaction" : "POST SELLER PRODUCT",
    "sampleCount" : 100,
    "errorCount" : 67,
    "errorPct" : 67.0,
    "meanResTime" : 8165.4000000000015,
    "medianResTime" : 6583.0,
    "minResTime" : 760.0,
    "maxResTime" : 20340.0,
    "pct1ResTime" : 18636.8,
    "pct2ResTime" : 19908.64999999999,
    "pct3ResTime" : 20338.76,
    "throughput" : 4.215140785702243,
    "receivedKBytesPerSec" : 2.7579534437700217,
    "sentKBytesPerSec" : 207.72925920217924
  }
}